season,head_coach,team,first_week,last_week,games,unique_games,regular_season_games,postseason_games,wins,losses,ties,points_for,points_against,point_differential,team_first_week,team_last_week,team_games,started_midseason,ended_before_team_season,tenure_win_percentage,points_per_game,points_allowed_per_game,point_differential_per_game,observed_prior_hc_seasons,observed_prior_hc_games,observed_prior_hc_wins,observed_prior_hc_losses,observed_prior_hc_ties,observed_prior_hc_win_percentage,observed_prior_teams,first_observed_hc_season,observed_history_starts_at_window_boundary,experience_scope
2018,Steve Wilks,ARI,1,17,16,16,16,0,3,13,0,225,425,-200,1,17,16,false,false,0.188,14.06,26.56,-12.5,0,0,0,0,0,,,2018,true,Observed NFL head-coaching results since 2018 only
2018,Dan Quinn,ATL,1,17,16,16,16,0,7,9,0,414,423,-9,1,17,16,false,false,0.438,25.88,26.44,-0.56,0,0,0,0,0,,,2018,true,Observed NFL head-coaching results since 2018 only
2018,John Harbaugh,BAL,1,18,17,17,16,1,10,7,0,406,310,96,1,18,17,false,false,0.588,23.88,18.24,5.65,0,0,0,0,0,,,2018,true,Observed NFL head-coaching results since 2018 only
2018,Sean McDermott,BUF,1,17,16,16,16,0,6,10,0,269,374,-105,1,17,16,false,false,0.375,16.81,23.38,-6.56,0,0,0,0,0,,,2018,true,Observed NFL head-coaching results since 2018 only
2018,Ron Rivera,CAR,1,17,16,16,16,0,7,9,0,376,382,-6,1,17,16,false,false,0.438,23.5,23.88,-0.38,0,0,0,0,0,,,2018,true,Observed NFL head-coaching results since 2018 only
2018,Matt Nagy,CHI,1,18,17,17,16,1,12,5,0,436,299,137,1,18,17,false,false,0.706,25.65,17.59,8.06,0,0,0,0,0,,,2018,true,Observed NFL head-coaching results since 2018 only
2018,Marvin Lewis,CIN,1,17,16,16,16,0,6,10,0,368,455,-87,1,17,16,false,false,0.375,23.0,28.44,-5.44,0,0,0,0,0,,,2018,true,Observed NFL head-coaching results since 2018 only
2018,Hue Jackson,CLE,1,8,8,8,8,0,2,5,1,169,210,-41,1,17,16,false,true,0.312,21.12,26.25,-5.12,0,0,0,0,0,,,2018,true,Observed NFL head-coaching results since 2018 only
2018,Gregg Williams,CLE,9,17,8,8,8,0,5,3,0,190,182,8,1,17,16,true,false,0.625,23.75,22.75,1.0,0,0,0,0,0,,,2018,true,Observed NFL head-coaching results since 2018 only
2018,Jason Garrett,DAL,1,19,18,18,16,2,11,7,0,385,376,9,1,19,18,false,false,0.611,21.39,20.89,0.5,0,0,0,0,0,,,2018,true,Observed NFL head-coaching results since 2018 only
2018,Vance Joseph,DEN,1,17,16,16,16,0,6,10,0,329,349,-20,1,17,16,false,false,0.375,20.56,21.81,-1.25,0,0,0,0,0,,,2018,true,Observed NFL head-coaching results since 2018 only
2018,Matt Patricia,DET,1,17,16,16,16,0,6,10,0,324,360,-36,1,17,16,false,false,0.375,20.25,22.5,-2.25,0,0,0,0,0,,,2018,true,Observed NFL head-coaching results since 2018 only
2018,Mike McCarthy,GB,1,13,12,12,12,0,4,7,1,281,287,-6,1,17,16,false,true,0.375,23.42,23.92,-0.5,0,0,0,0,0,,,2018,true,Observed NFL head-coaching results since 2018 only
2018,Joe Philbin,GB,14,17,4,4,4,0,2,2,0,95,113,-18,1,17,16,true,false,0.5,23.75,28.25,-4.5,0,0,0,0,0,,,2018,true,Observed NFL head-coaching results since 2018 only
2018,Bill O'Brien,HOU,1,18,17,17,16,1,11,6,0,409,337,72,1,18,17,false,false,0.647,24.06,19.82,4.24,0,0,0,0,0,,,2018,true,Observed NFL head-coaching results since 2018 only
2018,Frank Reich,IND,1,19,18,18,16,2,11,7,0,467,382,85,1,19,18,false,false,0.611,25.94,21.22,4.72,0,0,0,0,0,,,2018,true,Observed NFL head-coaching results since 2018 only
2018,Doug Marrone,JAX,1,17,16,16,16,0,5,11,0,245,316,-71,1,17,16,false,false,0.312,15.31,19.75,-4.44,0,0,0,0,0,,,2018,true,Observed NFL head-coaching results since 2018 only
2018,Andy Reid,KC,1,20,18,18,16,2,13,5,0,627,471,156,1,20,18,false,false,0.722,34.83,26.17,8.67,0,0,0,0,0,,,2018,true,Observed NFL head-coaching results since 2018 only
2018,Sean McVay,LA,1,21,19,19,16,3,15,4,0,586,442,144,1,21,19,false,false,0.789,30.84,23.26,7.58,0,0,0,0,0,,,2018,true,Observed NFL head-coaching results since 2018 only
2018,Anthony Lynn,LAC,1,19,18,18,16,2,13,5,0,479,387,92,1,19,18,false,false,0.722,26.61,21.5,5.11,0,0,0,0,0,,,2018,true,Observed NFL head-coaching results since 2018 only
2018,Jon Gruden,LV,1,17,16,16,16,0,4,12,0,290,467,-177,1,17,16,false,false,0.25,18.12,29.19,-11.06,0,0,0,0,0,,,2018,true,Observed NFL head-coaching results since 2018 only
2018,Adam Gase,MIA,1,17,16,16,16,0,7,9,0,319,433,-114,1,17,16,false,false,0.438,19.94,27.06,-7.12,0,0,0,0,0,,,2018,true,Observed NFL head-coaching results since 2018 only
2018,Mike Zimmer,MIN,1,17,16,16,16,0,8,7,1,360,341,19,1,17,16,false,false,0.531,22.5,21.31,1.19,0,0,0,0,0,,,2018,true,Observed NFL head-coaching results since 2018 only
2018,Bill Belichick,NE,1,21,19,19,16,3,14,5,0,527,387,140,1,21,19,false,false,0.737,27.74,20.37,7.37,0,0,0,0,0,,,2018,true,Observed NFL head-coaching results since 2018 only
2018,Sean Payton,NO,1,20,18,18,16,2,14,4,0,547,393,154,1,20,18,false,false,0.778,30.39,21.83,8.56,0,0,0,0,0,,,2018,true,Observed NFL head-coaching results since 2018 only
2018,Pat Shurmur,NYG,1,17,16,16,16,0,5,11,0,369,412,-43,1,17,16,false,false,0.312,23.06,25.75,-2.69,0,0,0,0,0,,,2018,true,Observed NFL head-coaching results since 2018 only
2018,Todd Bowles,NYJ,1,17,16,16,16,0,4,12,0,333,441,-108,1,17,16,false,false,0.25,20.81,27.56,-6.75,0,0,0,0,0,,,2018,true,Observed NFL head-coaching results since 2018 only
2018,Doug Pederson,PHI,1,19,18,18,16,2,10,8,0,397,383,14,1,19,18,false,false,0.556,22.06,21.28,0.78,0,0,0,0,0,,,2018,true,Observed NFL head-coaching results since 2018 only
2018,Mike Tomlin,PIT,1,17,16,16,16,0,9,6,1,428,360,68,1,17,16,false,false,0.594,26.75,22.5,4.25,0,0,0,0,0,,,2018,true,Observed NFL head-coaching results since 2018 only
2018,Pete Carroll,SEA,1,18,17,17,16,1,10,7,0,450,371,79,1,18,17,false,false,0.588,26.47,21.82,4.65,0,0,0,0,0,,,2018,true,Observed NFL head-coaching results since 2018 only
2018,Kyle Shanahan,SF,1,17,16,16,16,0,4,12,0,342,435,-93,1,17,16,false,false,0.25,21.38,27.19,-5.81,0,0,0,0,0,,,2018,true,Observed NFL head-coaching results since 2018 only
2018,Dirk Koetter,TB,1,17,16,16,16,0,5,11,0,396,464,-68,1,17,16,false,false,0.312,24.75,29.0,-4.25,0,0,0,0,0,,,2018,true,Observed NFL head-coaching results since 2018 only
2018,Mike Vrabel,TEN,1,17,16,16,16,0,9,7,0,310,303,7,1,17,16,false,false,0.562,19.38,18.94,0.44,0,0,0,0,0,,,2018,true,Observed NFL head-coaching results since 2018 only
2018,Jay Gruden,WAS,1,17,16,16,16,0,7,9,0,281,359,-78,1,17,16,false,false,0.438,17.56,22.44,-4.88,0,0,0,0,0,,,2018,true,Observed NFL head-coaching results since 2018 only
2019,Kliff Kingsbury,ARI,1,17,16,16,16,0,5,10,1,361,442,-81,1,17,16,false,false,0.344,22.56,27.62,-5.06,0,0,0,0,0,,,2019,false,Observed NFL head-coaching results since 2018 only
2019,Dan Quinn,ATL,1,17,16,16,16,0,7,9,0,381,399,-18,1,17,16,false,false,0.438,23.81,24.94,-1.12,1,16,7,9,0,0.438,ATL,2018,true,Observed NFL head-coaching results since 2018 only
2019,John Harbaugh,BAL,1,19,17,17,16,1,14,3,0,543,310,233,1,19,17,false,false,0.824,31.94,18.24,13.71,1,17,10,7,0,0.588,BAL,2018,true,Observed NFL head-coaching results since 2018 only
2019,Sean McDermott,BUF,1,18,17,17,16,1,10,7,0,333,281,52,1,18,17,false,false,0.588,19.59,16.53,3.06,1,16,6,10,0,0.375,BUF,2018,true,Observed NFL head-coaching results since 2018 only
2019,Ron Rivera,CAR,1,17,16,16,16,0,5,11,0,340,470,-130,1,17,16,false,false,0.312,21.25,29.38,-8.12,1,16,7,9,0,0.438,CAR,2018,true,Observed NFL head-coaching results since 2018 only
2019,Matt Nagy,CHI,1,17,16,16,16,0,8,8,0,280,298,-18,1,17,16,false,false,0.5,17.5,18.62,-1.12,1,17,12,5,0,0.706,CHI,2018,true,Observed NFL head-coaching results since 2018 only
2019,Zac Taylor,CIN,1,17,16,16,16,0,2,14,0,279,420,-141,1,17,16,false,false,0.125,17.44,26.25,-8.81,0,0,0,0,0,,,2019,false,Observed NFL head-coaching results since 2018 only
2019,Freddie Kitchens,CLE,1,17,16,16,16,0,6,10,0,335,393,-58,1,17,16,false,false,0.375,20.94,24.56,-3.62,0,0,0,0,0,,,2019,false,Observed NFL head-coaching results since 2018 only
2019,Jason Garrett,DAL,1,17,16,16,16,0,8,8,0,434,321,113,1,17,16,false,false,0.5,27.12,20.06,7.06,1,18,11,7,0,0.611,DAL,2018,true,Observed NFL head-coaching results since 2018 only
2019,Vic Fangio,DEN,1,17,16,16,16,0,7,9,0,282,316,-34,1,17,16,false,false,0.438,17.62,19.75,-2.12,0,0,0,0,0,,,2019,false,Observed NFL head-coaching results since 2018 only
2019,Matt Patricia,DET,1,17,16,16,16,0,3,12,1,341,423,-82,1,17,16,false,false,0.219,21.31,26.44,-5.12,1,16,6,10,0,0.375,DET,2018,true,Observed NFL head-coaching results since 2018 only
2019,Matt LaFleur,GB,1,20,18,18,16,2,14,4,0,424,373,51,1,20,18,false,false,0.778,23.56,20.72,2.83,0,0,0,0,0,,,2019,false,Observed NFL head-coaching results since 2018 only
2019,Bill O'Brien,HOU,1,19,18,18,16,2,11,7,0,431,455,-24,1,19,18,false,false,0.611,23.94,25.28,-1.33,1,17,11,6,0,0.647,HOU,2018,true,Observed NFL head-coaching results since 2018 only
2019,Frank Reich,IND,1,17,16,16,16,0,7,9,0,361,373,-12,1,17,16,false,false,0.438,22.56,23.31,-0.75,1,18,11,7,0,0.611,IND,2018,true,Observed NFL head-coaching results since 2018 only
2019,Doug Marrone,JAX,1,17,16,16,16,0,6,10,0,300,397,-97,1,17,16,false,false,0.375,18.75,24.81,-6.06,1,16,5,11,0,0.312,JAX,2018,true,Observed NFL head-coaching results since 2018 only
2019,Andy Reid,KC,1,21,19,19,16,3,15,4,0,568,383,185,1,21,19,false,false,0.789,29.89,20.16,9.74,1,18,13,5,0,0.722,KC,2018,true,Observed NFL head-coaching results since 2018 only
2019,Sean McVay,LA,1,17,16,16,16,0,9,7,0,394,364,30,1,17,16,false,false,0.562,24.62,22.75,1.88,1,19,15,4,0,0.789,LA,2018,true,Observed NFL head-coaching results since 2018 only
2019,Anthony Lynn,LAC,1,17,16,16,16,0,5,11,0,337,345,-8,1,17,16,false,false,0.312,21.06,21.56,-0.5,1,18,13,5,0,0.722,LAC,2018,true,Observed NFL head-coaching results since 2018 only
2019,Jon Gruden,LV,1,17,16,16,16,0,7,9,0,313,419,-106,1,17,16,false,false,0.438,19.56,26.19,-6.62,1,16,4,12,0,0.25,LV,2018,true,Observed NFL head-coaching results since 2018 only
2019,Brian Flores,MIA,1,17,16,16,16,0,5,11,0,306,494,-188,1,17,16,false,false,0.312,19.12,30.88,-11.75,0,0,0,0,0,,,2019,false,Observed NFL head-coaching results since 2018 only
2019,Mike Zimmer,MIN,1,19,18,18,16,2,11,7,0,443,350,93,1,19,18,false,false,0.611,24.61,19.44,5.17,1,16,8,7,1,0.531,MIN,2018,true,Observed NFL head-coaching results since 2018 only
2019,Bill Belichick,NE,1,18,17,17,16,1,12,5,0,433,245,188,1,18,17,false,false,0.706,25.47,14.41,11.06,1,19,14,5,0,0.737,NE,2018,true,Observed NFL head-coaching results since 2018 only
2019,Sean Payton,NO,1,18,17,17,16,1,13,4,0,478,367,111,1,18,17,false,false,0.765,28.12,21.59,6.53,1,18,14,4,0,0.778,NO,2018,true,Observed NFL head-coaching results since 2018 only
2019,Pat Shurmur,NYG,1,17,16,16,16,0,4,12,0,341,451,-110,1,17,16,false,false,0.25,21.31,28.19,-6.88,1,16,5,11,0,0.312,NYG,2018,true,Observed NFL head-coaching results since 2018 only
2019,Adam Gase,NYJ,1,17,16,16,16,0,7,9,0,276,359,-83,1,17,16,false,false,0.438,17.25,22.44,-5.19,1,16,7,9,0,0.438,MIA,2018,true,Observed NFL head-coaching results since 2018 only
2019,Doug Pederson,PHI,1,18,17,17,16,1,9,8,0,394,371,23,1,18,17,false,false,0.529,23.18,21.82,1.35,1,18,10,8,0,0.556,PHI,2018,true,Observed NFL head-coaching results since 2018 only
2019,Mike Tomlin,PIT,1,17,16,16,16,0,8,8,0,289,303,-14,1,17,16,false,false,0.5,18.06,18.94,-0.88,1,16,9,6,1,0.594,PIT,2018,true,Observed NFL head-coaching results since 2018 only
2019,Pete Carroll,SEA,1,19,18,18,16,2,12,6,0,445,435,10,1,19,18,false,false,0.667,24.72,24.17,0.56,1,17,10,7,0,0.588,SEA,2018,true,Observed NFL head-coaching results since 2018 only
2019,Kyle Shanahan,SF,1,21,19,19,16,3,15,4,0,563,371,192,1,21,19,false,false,0.789,29.63,19.53,10.11,1,16,4,12,0,0.25,SF,2018,true,Observed NFL head-coaching results since 2018 only
2019,Bruce Arians,TB,1,17,16,16,16,0,7,9,0,458,449,9,1,17,16,false,false,0.438,28.62,28.06,0.56,0,0,0,0,0,,,2019,false,Observed NFL head-coaching results since 2018 only
2019,Mike Vrabel,TEN,1,20,19,19,16,3,11,8,0,474,391,83,1,20,19,false,false,0.579,24.95,20.58,4.37,1,16,9,7,0,0.562,TEN,2018,true,Observed NFL head-coaching results since 2018 only
2019,Jay Gruden,WAS,1,5,5,5,5,0,0,5,0,73,151,-78,1,17,16,false,true,0.0,14.6,30.2,-15.6,1,16,7,9,0,0.438,WAS,2018,true,Observed NFL head-coaching results since 2018 only
2019,Bill Callahan,WAS,6,17,11,11,11,0,3,8,0,193,284,-91,1,17,16,true,false,0.273,17.55,25.82,-8.27,0,0,0,0,0,,,2019,false,Observed NFL head-coaching results since 2018 only
2020,Kliff Kingsbury,ARI,1,17,16,16,16,0,8,8,0,410,367,43,1,17,16,false,false,0.5,25.62,22.94,2.69,1,16,5,10,1,0.344,ARI,2019,false,Observed NFL head-coaching results since 2018 only
2020,Dan Quinn,ATL,1,5,5,5,5,0,0,5,0,122,161,-39,1,17,16,false,true,0.0,24.4,32.2,-7.8,2,32,14,18,0,0.438,ATL,2018,true,Observed NFL head-coaching results since 2018 only
2020,Raheem Morris,ATL,6,17,11,11,11,0,4,7,0,274,253,21,1,17,16,true,false,0.364,24.91,23.0,1.91,0,0,0,0,0,,,2020,false,Observed NFL head-coaching results since 2018 only
2020,John Harbaugh,BAL,1,19,18,18,16,2,12,6,0,491,333,158,1,19,18,false,false,0.667,27.28,18.5,8.78,2,34,24,10,0,0.706,BAL,2018,true,Observed NFL head-coaching results since 2018 only
2020,Sean McDermott,BUF,1,20,19,19,16,3,15,4,0,569,440,129,1,20,19,false,false,0.789,29.95,23.16,6.79,2,33,16,17,0,0.485,BUF,2018,true,Observed NFL head-coaching results since 2018 only
2020,Matt Rhule,CAR,1,17,16,16,16,0,5,11,0,350,402,-52,1,17,16,false,false,0.312,21.88,25.12,-3.25,0,0,0,0,0,,,2020,false,Observed NFL head-coaching results since 2018 only
2020,Matt Nagy,CHI,1,18,17,17,16,1,8,9,0,381,391,-10,1,18,17,false,false,0.471,22.41,23.0,-0.59,2,33,20,13,0,0.606,CHI,2018,true,Observed NFL head-coaching results since 2018 only
2020,Zac Taylor,CIN,1,17,16,16,16,0,4,11,1,311,424,-113,1,17,16,false,false,0.281,19.44,26.5,-7.06,1,16,2,14,0,0.125,CIN,2019,false,Observed NFL head-coaching results since 2018 only
2020,Kevin Stefanski,CLE,1,19,18,18,16,2,12,6,0,473,478,-5,1,19,18,false,false,0.667,26.28,26.56,-0.28,0,0,0,0,0,,,2020,false,Observed NFL head-coaching results since 2018 only
2020,Mike McCarthy,DAL,1,17,16,16,16,0,6,10,0,395,473,-78,1,17,16,false,false,0.375,24.69,29.56,-4.88,1,12,4,7,1,0.375,GB,2018,true,Observed NFL head-coaching results since 2018 only
2020,Vic Fangio,DEN,1,17,16,16,16,0,5,11,0,323,446,-123,1,17,16,false,false,0.312,20.19,27.88,-7.69,1,16,7,9,0,0.438,DEN,2019,false,Observed NFL head-coaching results since 2018 only
2020,Matt Patricia,DET,1,12,11,11,11,0,4,7,0,252,328,-76,1,17,16,false,true,0.364,22.91,29.82,-6.91,2,32,9,22,1,0.297,DET,2018,true,Observed NFL head-coaching results since 2018 only
2020,Darrell Bevell,DET,13,17,5,5,5,0,1,4,0,125,191,-66,1,17,16,true,false,0.2,25.0,38.2,-13.2,0,0,0,0,0,,,2020,false,Observed NFL head-coaching results since 2018 only
2020,Matt LaFleur,GB,1,20,18,18,16,2,14,4,0,567,418,149,1,20,18,false,false,0.778,31.5,23.22,8.28,1,18,14,4,0,0.778,GB,2019,false,Observed NFL head-coaching results since 2018 only
2020,Bill O'Brien,HOU,1,4,4,4,4,0,0,4,0,80,126,-46,1,17,16,false,true,0.0,20.0,31.5,-11.5,2,35,22,13,0,0.629,HOU,2018,true,Observed NFL head-coaching results since 2018 only
2020,Romeo Crennel,HOU,5,17,12,12,12,0,4,8,0,304,338,-34,1,17,16,true,false,0.333,25.33,28.17,-2.83,0,0,0,0,0,,,2020,false,Observed NFL head-coaching results since 2018 only
2020,Frank Reich,IND,1,18,17,17,16,1,11,6,0,475,389,86,1,18,17,false,false,0.647,27.94,22.88,5.06,2,34,18,16,0,0.529,IND,2018,true,Observed NFL head-coaching results since 2018 only
2020,Doug Marrone,JAX,1,17,16,16,16,0,1,15,0,306,492,-186,1,17,16,false,false,0.062,19.12,30.75,-11.62,2,32,11,21,0,0.344,JAX,2018,true,Observed NFL head-coaching results since 2018 only
2020,Andy Reid,KC,1,21,19,19,16,3,16,3,0,542,434,108,1,21,19,false,false,0.842,28.53,22.84,5.68,2,37,28,9,0,0.757,KC,2018,true,Observed NFL head-coaching results since 2018 only
2020,Sean McVay,LA,1,19,18,18,16,2,11,7,0,420,348,72,1,19,18,false,false,0.611,23.33,19.33,4.0,2,35,24,11,0,0.686,LA,2018,true,Observed NFL head-coaching results since 2018 only
2020,Anthony Lynn,LAC,1,17,16,16,16,0,7,9,0,384,426,-42,1,17,16,false,false,0.438,24.0,26.62,-2.62,2,34,18,16,0,0.529,LAC,2018,true,Observed NFL head-coaching results since 2018 only
2020,Jon Gruden,LV,1,17,16,16,16,0,8,8,0,434,478,-44,1,17,16,false,false,0.5,27.12,29.88,-2.75,2,32,11,21,0,0.344,LV,2018,true,Observed NFL head-coaching results since 2018 only
2020,Brian Flores,MIA,1,17,16,16,16,0,10,6,0,404,338,66,1,17,16,false,false,0.625,25.25,21.12,4.12,1,16,5,11,0,0.312,MIA,2019,false,Observed NFL head-coaching results since 2018 only
2020,Mike Zimmer,MIN,1,17,16,16,16,0,7,9,0,430,475,-45,1,17,16,false,false,0.438,26.88,29.69,-2.81,2,34,19,14,1,0.574,MIN,2018,true,Observed NFL head-coaching results since 2018 only
2020,Bill Belichick,NE,1,17,16,16,16,0,7,9,0,326,353,-27,1,17,16,false,false,0.438,20.38,22.06,-1.69,2,36,26,10,0,0.722,NE,2018,true,Observed NFL head-coaching results since 2018 only
2020,Sean Payton,NO,1,19,18,18,16,2,13,5,0,523,376,147,1,19,18,false,false,0.722,29.06,20.89,8.17,2,35,27,8,0,0.771,NO,2018,true,Observed NFL head-coaching results since 2018 only
2020,Joe Judge,NYG,1,17,16,16,16,0,6,10,0,280,357,-77,1,17,16,false,false,0.375,17.5,22.31,-4.81,0,0,0,0,0,,,2020,false,Observed NFL head-coaching results since 2018 only
2020,Adam Gase,NYJ,1,17,16,16,16,0,2,14,0,243,457,-214,1,17,16,false,false,0.125,15.19,28.56,-13.38,2,32,14,18,0,0.438,"MIA, NYJ",2018,true,Observed NFL head-coaching results since 2018 only
2020,Doug Pederson,PHI,1,17,16,16,16,0,4,11,1,334,418,-84,1,17,16,false,false,0.281,20.88,26.12,-5.25,2,35,19,16,0,0.543,PHI,2018,true,Observed NFL head-coaching results since 2018 only
2020,Mike Tomlin,PIT,1,18,17,17,16,1,12,5,0,453,360,93,1,18,17,false,false,0.706,26.65,21.18,5.47,2,32,17,14,1,0.547,PIT,2018,true,Observed NFL head-coaching results since 2018 only
2020,Pete Carroll,SEA,1,18,17,17,16,1,12,5,0,479,401,78,1,18,17,false,false,0.706,28.18,23.59,4.59,2,35,22,13,0,0.629,SEA,2018,true,Observed NFL head-coaching results since 2018 only
2020,Kyle Shanahan,SF,1,17,16,16,16,0,6,10,0,376,390,-14,1,17,16,false,false,0.375,23.5,24.38,-0.88,2,35,19,16,0,0.543,SF,2018,true,Observed NFL head-coaching results since 2018 only
2020,Bruce Arians,TB,1,21,20,20,16,4,15,5,0,615,433,182,1,21,20,false,false,0.75,30.75,21.65,9.1,1,16,7,9,0,0.438,TB,2019,false,Observed NFL head-coaching results since 2018 only
2020,Mike Vrabel,TEN,1,18,17,17,16,1,11,6,0,504,459,45,1,18,17,false,false,0.647,29.65,27.0,2.65,2,35,20,15,0,0.571,TEN,2018,true,Observed NFL head-coaching results since 2018 only
2020,Ron Rivera,WAS,1,18,17,17,16,1,7,10,0,358,360,-2,1,18,17,false,false,0.412,21.06,21.18,-0.12,2,32,12,20,0,0.375,CAR,2018,true,Observed NFL head-coaching results since 2018 only
2021,Kliff Kingsbury,ARI,1,19,18,18,17,1,11,7,0,460,400,60,1,19,18,false,false,0.611,25.56,22.22,3.33,2,32,13,18,1,0.422,ARI,2019,false,Observed NFL head-coaching results since 2018 only
2021,Arthur Smith,ATL,1,18,17,17,17,0,7,10,0,313,459,-146,1,18,17,false,false,0.412,18.41,27.0,-8.59,0,0,0,0,0,,,2021,false,Observed NFL head-coaching results since 2018 only
2021,John Harbaugh,BAL,1,18,17,17,17,0,8,9,0,387,392,-5,1,18,17,false,false,0.471,22.76,23.06,-0.29,3,52,36,16,0,0.692,BAL,2018,true,Observed NFL head-coaching results since 2018 only
2021,Sean McDermott,BUF,1,20,19,19,17,2,12,7,0,566,348,218,1,20,19,false,false,0.632,29.79,18.32,11.47,3,52,31,21,0,0.596,BUF,2018,true,Observed NFL head-coaching results since 2018 only
2021,Matt Rhule,CAR,1,18,17,17,17,0,5,12,0,304,404,-100,1,18,17,false,false,0.294,17.88,23.76,-5.88,1,16,5,11,0,0.312,CAR,2020,false,Observed NFL head-coaching results since 2018 only
2021,Matt Nagy,CHI,1,18,17,17,17,0,6,11,0,311,407,-96,1,18,17,false,false,0.353,18.29,23.94,-5.65,3,50,28,22,0,0.56,CHI,2018,true,Observed NFL head-coaching results since 2018 only
2021,Zac Taylor,CIN,1,22,21,21,17,4,13,8,0,552,458,94,1,22,21,false,false,0.619,26.29,21.81,4.48,2,32,6,25,1,0.203,CIN,2019,false,Observed NFL head-coaching results since 2018 only
2021,Kevin Stefanski,CLE,1,18,17,17,17,0,8,9,0,349,371,-22,1,18,17,false,false,0.471,20.53,21.82,-1.29,1,18,12,6,0,0.667,CLE,2020,false,Observed NFL head-coaching results since 2018 only
2021,Mike McCarthy,DAL,1,19,18,18,17,1,12,6,0,547,381,166,1,19,18,false,false,0.667,30.39,21.17,9.22,2,28,10,17,1,0.375,"DAL, GB",2018,true,Observed NFL head-coaching results since 2018 only
2021,Vic Fangio,DEN,1,18,17,17,17,0,7,10,0,335,322,13,1,18,17,false,false,0.412,19.71,18.94,0.76,2,32,12,20,0,0.375,DEN,2019,false,Observed NFL head-coaching results since 2018 only
2021,Dan Campbell,DET,1,18,17,17,17,0,3,13,1,325,467,-142,1,18,17,false,false,0.206,19.12,27.47,-8.35,0,0,0,0,0,,,2021,false,Observed NFL head-coaching results since 2018 only
2021,Matt LaFleur,GB,1,20,18,18,17,1,13,5,0,460,384,76,1,20,18,false,false,0.722,25.56,21.33,4.22,2,36,28,8,0,0.778,GB,2019,false,Observed NFL head-coaching results since 2018 only
2021,David Culley,HOU,1,18,17,17,17,0,4,13,0,280,452,-172,1,18,17,false,false,0.235,16.47,26.59,-10.12,0,0,0,0,0,,,2021,false,Observed NFL head-coaching results since 2018 only
2021,Frank Reich,IND,1,18,17,17,17,0,9,8,0,451,365,86,1,18,17,false,false,0.529,26.53,21.47,5.06,3,51,29,22,0,0.569,IND,2018,true,Observed NFL head-coaching results since 2018 only
2021,Urban Meyer,JAX,1,14,13,13,13,0,2,11,0,180,340,-160,1,18,17,false,true,0.154,13.85,26.15,-12.31,0,0,0,0,0,,,2021,false,Observed NFL head-coaching results since 2018 only
2021,Darrell Bevell,JAX,15,18,4,4,4,0,1,3,0,73,117,-44,1,18,17,true,false,0.25,18.25,29.25,-11.0,1,5,1,4,0,0.2,DET,2020,false,Observed NFL head-coaching results since 2018 only
2021,Andy Reid,KC,1,21,20,20,17,3,14,6,0,588,448,140,1,21,20,false,false,0.7,29.4,22.4,7.0,3,56,44,12,0,0.786,KC,2018,true,Observed NFL head-coaching results since 2018 only
2021,Sean McVay,LA,1,22,21,21,17,4,16,5,0,567,447,120,1,22,21,false,false,0.762,27.0,21.29,5.71,3,53,35,18,0,0.66,LA,2018,true,Observed NFL head-coaching results since 2018 only
2021,Brandon Staley,LAC,1,18,17,17,17,0,9,8,0,474,459,15,1,18,17,false,false,0.529,27.88,27.0,0.88,0,0,0,0,0,,,2021,false,Observed NFL head-coaching results since 2018 only
2021,Jon Gruden,LV,1,5,5,5,5,0,3,2,0,113,120,-7,1,19,18,false,true,0.6,22.6,24.0,-1.4,3,48,19,29,0,0.396,LV,2018,true,Observed NFL head-coaching results since 2018 only
2021,Rich Bisaccia,LV,6,19,13,13,12,1,7,6,0,280,345,-65,1,19,18,true,false,0.538,21.54,26.54,-5.0,0,0,0,0,0,,,2021,false,Observed NFL head-coaching results since 2018 only
2021,Brian Flores,MIA,1,18,17,17,17,0,9,8,0,341,373,-32,1,18,17,false,false,0.529,20.06,21.94,-1.88,2,32,15,17,0,0.469,MIA,2019,false,Observed NFL head-coaching results since 2018 only
2021,Mike Zimmer,MIN,1,18,17,17,17,0,8,9,0,425,426,-1,1,18,17,false,false,0.471,25.0,25.06,-0.06,3,50,26,23,1,0.53,MIN,2018,true,Observed NFL head-coaching results since 2018 only
2021,Bill Belichick,NE,1,19,18,18,17,1,10,8,0,479,350,129,1,19,18,false,false,0.556,26.61,19.44,7.17,3,52,33,19,0,0.635,NE,2018,true,Observed NFL head-coaching results since 2018 only
2021,Sean Payton,NO,1,18,17,17,17,0,9,8,0,364,335,29,1,18,17,false,false,0.529,21.41,19.71,1.71,3,53,40,13,0,0.755,NO,2018,true,Observed NFL head-coaching results since 2018 only
2021,Joe Judge,NYG,1,18,17,17,17,0,4,13,0,258,416,-158,1,18,17,false,false,0.235,15.18,24.47,-9.29,1,16,6,10,0,0.375,NYG,2020,false,Observed NFL head-coaching results since 2018 only
2021,Robert Saleh,NYJ,1,18,17,17,17,0,4,13,0,310,504,-194,1,18,17,false,false,0.235,18.24,29.65,-11.41,0,0,0,0,0,,,2021,false,Observed NFL head-coaching results since 2018 only
2021,Nick Sirianni,PHI,1,19,18,18,17,1,9,9,0,459,416,43,1,19,18,false,false,0.5,25.5,23.11,2.39,0,0,0,0,0,,,2021,false,Observed NFL head-coaching results since 2018 only
2021,Mike Tomlin,PIT,1,19,18,18,17,1,9,8,1,364,440,-76,1,19,18,false,false,0.528,20.22,24.44,-4.22,3,49,29,19,1,0.602,PIT,2018,true,Observed NFL head-coaching results since 2018 only
2021,Pete Carroll,SEA,1,18,17,17,17,0,7,10,0,395,366,29,1,18,17,false,false,0.412,23.24,21.53,1.71,3,52,34,18,0,0.654,SEA,2018,true,Observed NFL head-coaching results since 2018 only
2021,Kyle Shanahan,SF,1,21,20,20,17,3,12,8,0,480,412,68,1,21,20,false,false,0.6,24.0,20.6,3.4,3,51,25,26,0,0.49,SF,2018,true,Observed NFL head-coaching results since 2018 only
2021,Bruce Arians,TB,1,20,19,19,17,2,14,5,0,569,398,171,1,20,19,false,false,0.737,29.95,20.95,9.0,2,36,22,14,0,0.611,TB,2019,false,Observed NFL head-coaching results since 2018 only
2021,Mike Vrabel,TEN,1,20,18,18,17,1,12,6,0,435,373,62,1,20,18,false,false,0.667,24.17,20.72,3.44,3,52,31,21,0,0.596,TEN,2018,true,Observed NFL head-coaching results since 2018 only
2021,Ron Rivera,WAS,1,18,17,17,17,0,7,10,0,335,434,-99,1,18,17,false,false,0.412,19.71,25.53,-5.82,3,49,19,30,0,0.388,"CAR, WAS",2018,true,Observed NFL head-coaching results since 2018 only
2022,Kliff Kingsbury,ARI,1,18,17,17,17,0,4,13,0,340,449,-109,1,18,17,false,false,0.235,20.0,26.41,-6.41,3,50,24,25,1,0.49,ARI,2019,false,Observed NFL head-coaching results since 2018 only
2022,Arthur Smith,ATL,1,18,17,17,17,0,7,10,0,365,386,-21,1,18,17,false,false,0.412,21.47,22.71,-1.24,1,17,7,10,0,0.412,ATL,2021,false,Observed NFL head-coaching results since 2018 only
2022,John Harbaugh,BAL,1,19,18,18,17,1,10,8,0,367,339,28,1,19,18,false,false,0.556,20.39,18.83,1.56,4,69,44,25,0,0.638,BAL,2018,true,Observed NFL head-coaching results since 2018 only
2022,Sean McDermott,BUF,1,20,18,18,16,2,14,4,0,499,344,155,1,20,18,false,false,0.778,27.72,19.11,8.61,4,71,43,28,0,0.606,BUF,2018,true,Observed NFL head-coaching results since 2018 only
2022,Matt Rhule,CAR,1,5,5,5,5,0,1,4,0,93,122,-29,1,18,17,false,true,0.2,18.6,24.4,-5.8,2,33,10,23,0,0.303,CAR,2020,false,Observed NFL head-coaching results since 2018 only
2022,Steve Wilks,CAR,6,18,12,12,12,0,6,6,0,254,252,2,1,18,17,true,false,0.5,21.17,21.0,0.17,1,16,3,13,0,0.188,ARI,2018,true,Observed NFL head-coaching results since 2018 only
2022,Matt Eberflus,CHI,1,18,17,17,17,0,3,14,0,326,463,-137,1,18,17,false,false,0.176,19.18,27.24,-8.06,0,0,0,0,0,,,2022,false,Observed NFL head-coaching results since 2018 only
2022,Zac Taylor,CIN,1,21,19,19,16,3,14,5,0,489,372,117,1,21,19,false,false,0.737,25.74,19.58,6.16,3,53,19,33,1,0.368,CIN,2019,false,Observed NFL head-coaching results since 2018 only
2022,Kevin Stefanski,CLE,1,18,17,17,17,0,7,10,0,361,381,-20,1,18,17,false,false,0.412,21.24,22.41,-1.18,2,35,20,15,0,0.571,CLE,2020,false,Observed NFL head-coaching results since 2018 only
2022,Mike McCarthy,DAL,1,20,19,19,17,2,13,6,0,510,375,135,1,20,19,false,false,0.684,26.84,19.74,7.11,3,46,22,23,1,0.489,"DAL, GB",2018,true,Observed NFL head-coaching results since 2018 only
2022,Nathaniel Hackett,DEN,1,16,15,15,15,0,4,11,0,232,304,-72,1,18,17,false,true,0.267,15.47,20.27,-4.8,0,0,0,0,0,,,2022,false,Observed NFL head-coaching results since 2018 only
2022,Jay Rosburg,DEN,17,18,2,2,2,0,1,1,0,55,55,0,1,18,17,true,false,0.5,27.5,27.5,0.0,0,0,0,0,0,,,2022,false,Observed NFL head-coaching results since 2018 only
2022,Dan Campbell,DET,1,18,17,17,17,0,9,8,0,453,427,26,1,18,17,false,false,0.529,26.65,25.12,1.53,1,17,3,13,1,0.206,DET,2021,false,Observed NFL head-coaching results since 2018 only
2022,Matt LaFleur,GB,1,18,17,17,17,0,8,9,0,370,371,-1,1,18,17,false,false,0.471,21.76,21.82,-0.06,3,54,41,13,0,0.759,GB,2019,false,Observed NFL head-coaching results since 2018 only
2022,Lovie Smith,HOU,1,18,17,17,17,0,3,13,1,289,420,-131,1,18,17,false,false,0.206,17.0,24.71,-7.71,0,0,0,0,0,,,2022,false,Observed NFL head-coaching results since 2018 only
2022,Frank Reich,IND,1,9,9,9,9,0,3,5,1,132,183,-51,1,18,17,false,true,0.389,14.67,20.33,-5.67,4,68,38,30,0,0.559,IND,2018,true,Observed NFL head-coaching results since 2018 only
2022,Jeff Saturday,IND,10,18,8,8,8,0,1,7,0,157,244,-87,1,18,17,true,false,0.125,19.62,30.5,-10.88,0,0,0,0,0,,,2022,false,Observed NFL head-coaching results since 2018 only
2022,Doug Pederson,JAX,1,20,19,19,17,2,10,9,0,455,407,48,1,20,19,false,false,0.526,23.95,21.42,2.53,3,51,23,27,1,0.461,PHI,2018,true,Observed NFL head-coaching results since 2018 only
2022,Andy Reid,KC,1,22,20,20,17,3,17,3,0,584,444,140,1,22,20,false,false,0.85,29.2,22.2,7.0,4,76,58,18,0,0.763,KC,2018,true,Observed NFL head-coaching results since 2018 only
2022,Sean McVay,LA,1,18,17,17,17,0,5,12,0,307,384,-77,1,18,17,false,false,0.294,18.06,22.59,-4.53,4,74,51,23,0,0.689,LA,2018,true,Observed NFL head-coaching results since 2018 only
2022,Brandon Staley,LAC,1,19,18,18,17,1,10,8,0,421,415,6,1,19,18,false,false,0.556,23.39,23.06,0.33,1,17,9,8,0,0.529,LAC,2021,false,Observed NFL head-coaching results since 2018 only
2022,Josh McDaniels,LV,1,18,17,17,17,0,6,11,0,395,418,-23,1,18,17,false,false,0.353,23.24,24.59,-1.35,0,0,0,0,0,,,2022,false,Observed NFL head-coaching results since 2018 only
2022,Mike McDaniel,MIA,1,19,18,18,17,1,9,9,0,428,433,-5,1,19,18,false,false,0.5,23.78,24.06,-0.28,0,0,0,0,0,,,2022,false,Observed NFL head-coaching results since 2018 only
2022,Kevin O'Connell,MIN,1,19,18,18,17,1,13,5,0,448,458,-10,1,19,18,false,false,0.722,24.89,25.44,-0.56,0,0,0,0,0,,,2022,false,Observed NFL head-coaching results since 2018 only
2022,Bill Belichick,NE,1,18,17,17,17,0,8,9,0,364,347,17,1,18,17,false,false,0.471,21.41,20.41,1.0,4,70,43,27,0,0.614,NE,2018,true,Observed NFL head-coaching results since 2018 only
2022,Dennis Allen,NO,1,18,17,17,17,0,7,10,0,330,345,-15,1,18,17,false,false,0.412,19.41,20.29,-0.88,0,0,0,0,0,,,2022,false,Observed NFL head-coaching results since 2018 only
2022,Brian Daboll,NYG,1,20,19,19,17,2,10,8,1,403,433,-30,1,20,19,false,false,0.553,21.21,22.79,-1.58,0,0,0,0,0,,,2022,false,Observed NFL head-coaching results since 2018 only
2022,Robert Saleh,NYJ,1,18,17,17,17,0,7,10,0,296,316,-20,1,18,17,false,false,0.412,17.41,18.59,-1.18,1,17,4,13,0,0.235,NYJ,2021,false,Observed NFL head-coaching results since 2018 only
2022,Nick Sirianni,PHI,1,22,20,20,17,3,16,4,0,581,396,185,1,22,20,false,false,0.8,29.05,19.8,9.25,1,18,9,9,0,0.5,PHI,2021,false,Observed NFL head-coaching results since 2018 only
2022,Mike Tomlin,PIT,1,18,17,17,17,0,9,8,0,308,346,-38,1,18,17,false,false,0.529,18.12,20.35,-2.24,4,67,38,27,2,0.582,PIT,2018,true,Observed NFL head-coaching results since 2018 only
2022,Pete Carroll,SEA,1,19,18,18,17,1,9,9,0,430,442,-12,1,19,18,false,false,0.5,23.89,24.56,-0.67,4,69,41,28,0,0.594,SEA,2018,true,Observed NFL head-coaching results since 2018 only
2022,Kyle Shanahan,SF,1,21,20,20,17,3,15,5,0,517,343,174,1,21,20,false,false,0.75,25.85,17.15,8.7,4,71,37,34,0,0.521,SF,2018,true,Observed NFL head-coaching results since 2018 only
2022,Todd Bowles,TB,1,19,18,18,17,1,8,10,0,327,389,-62,1,19,18,false,false,0.444,18.17,21.61,-3.44,1,16,4,12,0,0.25,NYJ,2018,true,Observed NFL head-coaching results since 2018 only
2022,Mike Vrabel,TEN,1,18,17,17,17,0,7,10,0,298,359,-61,1,18,17,false,false,0.412,17.53,21.12,-3.59,4,70,43,27,0,0.614,TEN,2018,true,Observed NFL head-coaching results since 2018 only
2022,Ron Rivera,WAS,1,18,17,17,17,0,8,8,1,321,343,-22,1,18,17,false,false,0.5,18.88,20.18,-1.29,4,66,26,40,0,0.394,"CAR, WAS",2018,true,Observed NFL head-coaching results since 2018 only
2023,Jonathan Gannon,ARI,1,18,17,17,17,0,4,13,0,330,455,-125,1,18,17,false,false,0.235,19.41,26.76,-7.35,0,0,0,0,0,,,2023,false,Observed NFL head-coaching results since 2018 only
2023,Arthur Smith,ATL,1,18,17,17,17,0,7,10,0,321,373,-52,1,18,17,false,false,0.412,18.88,21.94,-3.06,2,34,14,20,0,0.412,ATL,2021,false,Observed NFL head-coaching results since 2018 only
2023,John Harbaugh,BAL,1,21,19,19,17,2,14,5,0,527,307,220,1,21,19,false,false,0.737,27.74,16.16,11.58,5,87,54,33,0,0.621,BAL,2018,true,Observed NFL head-coaching results since 2018 only
2023,Sean McDermott,BUF,1,20,19,19,17,2,12,7,0,506,355,151,1,20,19,false,false,0.632,26.63,18.68,7.95,5,89,57,32,0,0.64,BUF,2018,true,Observed NFL head-coaching results since 2018 only
2023,Frank Reich,CAR,1,12,11,11,11,0,1,10,0,173,292,-119,1,18,17,false,true,0.091,15.73,26.55,-10.82,5,77,41,35,1,0.539,IND,2018,true,Observed NFL head-coaching results since 2018 only
2023,Chris Tabor,CAR,13,18,6,6,6,0,1,5,0,63,124,-61,1,18,17,true,false,0.167,10.5,20.67,-10.17,0,0,0,0,0,,,2023,false,Observed NFL head-coaching results since 2018 only
2023,Matt Eberflus,CHI,1,18,17,17,17,0,7,10,0,360,379,-19,1,18,17,false,false,0.412,21.18,22.29,-1.12,1,17,3,14,0,0.176,CHI,2022,false,Observed NFL head-coaching results since 2018 only
2023,Zac Taylor,CIN,1,18,17,17,17,0,9,8,0,366,384,-18,1,18,17,false,false,0.529,21.53,22.59,-1.06,4,72,33,38,1,0.465,CIN,2019,false,Observed NFL head-coaching results since 2018 only
2023,Kevin Stefanski,CLE,1,19,18,18,17,1,11,7,0,410,407,3,1,19,18,false,false,0.611,22.78,22.61,0.17,3,52,27,25,0,0.519,CLE,2020,false,Observed NFL head-coaching results since 2018 only
2023,Mike McCarthy,DAL,1,19,18,18,17,1,12,6,0,541,363,178,1,19,18,false,false,0.667,30.06,20.17,9.89,4,65,35,29,1,0.546,"DAL, GB",2018,true,Observed NFL head-coaching results since 2018 only
2023,Sean Payton,DEN,1,18,17,17,17,0,8,9,0,357,413,-56,1,18,17,false,false,0.471,21.0,24.29,-3.29,4,70,49,21,0,0.7,NO,2018,true,Observed NFL head-coaching results since 2018 only
2023,Dan Campbell,DET,1,21,20,20,17,3,14,6,0,547,475,72,1,21,20,false,false,0.7,27.35,23.75,3.6,2,34,12,21,1,0.368,DET,2021,false,Observed NFL head-coaching results since 2018 only
2023,Matt LaFleur,GB,1,20,19,19,17,2,10,9,0,452,406,46,1,20,19,false,false,0.526,23.79,21.37,2.42,4,71,49,22,0,0.69,GB,2019,false,Observed NFL head-coaching results since 2018 only
2023,DeMeco Ryans,HOU,1,20,19,19,17,2,11,8,0,432,401,31,1,20,19,false,false,0.579,22.74,21.11,1.63,0,0,0,0,0,,,2023,false,Observed NFL head-coaching results since 2018 only
2023,Shane Steichen,IND,1,18,17,17,17,0,9,8,0,396,415,-19,1,18,17,false,false,0.529,23.29,24.41,-1.12,0,0,0,0,0,,,2023,false,Observed NFL head-coaching results since 2018 only
2023,Doug Pederson,JAX,1,18,17,17,17,0,9,8,0,377,371,6,1,18,17,false,false,0.529,22.18,21.82,0.35,4,70,33,36,1,0.479,"JAX, PHI",2018,true,Observed NFL head-coaching results since 2018 only
2023,Andy Reid,KC,1,22,21,21,17,4,15,6,0,466,357,109,1,22,21,false,false,0.714,22.19,17.0,5.19,5,96,75,21,0,0.781,KC,2018,true,Observed NFL head-coaching results since 2018 only
2023,Sean McVay,LA,1,19,18,18,17,1,10,8,0,427,401,26,1,19,18,false,false,0.556,23.72,22.28,1.44,5,91,56,35,0,0.615,LA,2018,true,Observed NFL head-coaching results since 2018 only
2023,Brandon Staley,LAC,1,15,14,14,14,0,5,9,0,303,345,-42,1,18,17,false,true,0.357,21.64,24.64,-3.0,2,35,19,16,0,0.543,LAC,2021,false,Observed NFL head-coaching results since 2018 only
2023,Giff Smith,LAC,16,18,3,3,3,0,0,3,0,43,53,-10,1,18,17,true,false,0.0,14.33,17.67,-3.33,0,0,0,0,0,,,2023,false,Observed NFL head-coaching results since 2018 only
2023,Josh McDaniels,LV,1,8,8,8,8,0,3,5,0,126,187,-61,1,18,17,false,true,0.375,15.75,23.38,-7.62,1,17,6,11,0,0.353,LV,2022,false,Observed NFL head-coaching results since 2018 only
2023,Antonio Pierce,LV,9,18,9,9,9,0,5,4,0,206,144,62,1,18,17,true,false,0.556,22.89,16.0,6.89,0,0,0,0,0,,,2023,false,Observed NFL head-coaching results since 2018 only
2023,Mike McDaniel,MIA,1,19,18,18,17,1,11,7,0,503,417,86,1,19,18,false,false,0.611,27.94,23.17,4.78,1,18,9,9,0,0.5,MIA,2022,false,Observed NFL head-coaching results since 2018 only
2023,Kevin O'Connell,MIN,1,18,17,17,17,0,7,10,0,344,362,-18,1,18,17,false,false,0.412,20.24,21.29,-1.06,1,18,13,5,0,0.722,MIN,2022,false,Observed NFL head-coaching results since 2018 only
2023,Bill Belichick,NE,1,18,17,17,17,0,4,13,0,236,366,-130,1,18,17,false,false,0.235,13.88,21.53,-7.65,5,87,51,36,0,0.586,NE,2018,true,Observed NFL head-coaching results since 2018 only
2023,Dennis Allen,NO,1,18,17,17,17,0,9,8,0,402,327,75,1,18,17,false,false,0.529,23.65,19.24,4.41,1,17,7,10,0,0.412,NO,2022,false,Observed NFL head-coaching results since 2018 only
2023,Brian Daboll,NYG,1,18,17,17,17,0,6,11,0,266,407,-141,1,18,17,false,false,0.353,15.65,23.94,-8.29,1,19,10,8,1,0.553,NYG,2022,false,Observed NFL head-coaching results since 2018 only
2023,Robert Saleh,NYJ,1,18,17,17,17,0,7,10,0,268,355,-87,1,18,17,false,false,0.412,15.76,20.88,-5.12,2,34,11,23,0,0.324,NYJ,2021,false,Observed NFL head-coaching results since 2018 only
2023,Nick Sirianni,PHI,1,19,18,18,17,1,11,7,0,442,460,-18,1,19,18,false,false,0.611,24.56,25.56,-1.0,2,38,25,13,0,0.658,PHI,2021,false,Observed NFL head-coaching results since 2018 only
2023,Mike Tomlin,PIT,1,19,18,18,17,1,10,8,0,321,355,-34,1,19,18,false,false,0.556,17.83,19.72,-1.89,5,84,47,35,2,0.571,PIT,2018,true,Observed NFL head-coaching results since 2018 only
2023,Pete Carroll,SEA,1,18,17,17,17,0,9,8,0,364,402,-38,1,18,17,false,false,0.529,21.41,23.65,-2.24,5,87,50,37,0,0.575,SEA,2018,true,Observed NFL head-coaching results since 2018 only
2023,Kyle Shanahan,SF,1,22,20,20,17,3,14,6,0,571,375,196,1,22,20,false,false,0.7,28.55,18.75,9.8,5,91,52,39,0,0.571,SF,2018,true,Observed NFL head-coaching results since 2018 only
2023,Todd Bowles,TB,1,20,19,19,17,2,10,9,0,403,365,38,1,20,19,false,false,0.526,21.21,19.21,2.0,2,34,12,22,0,0.353,"NYJ, TB",2018,true,Observed NFL head-coaching results since 2018 only
2023,Mike Vrabel,TEN,1,18,17,17,17,0,6,11,0,305,367,-62,1,18,17,false,false,0.353,17.94,21.59,-3.65,5,87,50,37,0,0.575,TEN,2018,true,Observed NFL head-coaching results since 2018 only
2023,Ron Rivera,WAS,1,18,17,17,17,0,4,13,0,329,518,-189,1,18,17,false,false,0.235,19.35,30.47,-11.12,5,83,34,48,1,0.416,"CAR, WAS",2018,true,Observed NFL head-coaching results since 2018 only
2024,Jonathan Gannon,ARI,1,18,17,17,17,0,8,9,0,400,379,21,1,18,17,false,false,0.471,23.53,22.29,1.24,1,17,4,13,0,0.235,ARI,2023,false,Observed NFL head-coaching results since 2018 only
2024,Raheem Morris,ATL,1,18,17,17,17,0,8,9,0,389,423,-34,1,18,17,false,false,0.471,22.88,24.88,-2.0,1,11,4,7,0,0.364,ATL,2020,false,Observed NFL head-coaching results since 2018 only
2024,John Harbaugh,BAL,1,20,19,19,17,2,13,6,0,571,402,169,1,20,19,false,false,0.684,30.05,21.16,8.89,6,106,68,38,0,0.642,BAL,2018,true,Observed NFL head-coaching results since 2018 only
2024,Sean McDermott,BUF,1,21,20,20,17,3,15,5,0,612,432,180,1,21,20,false,false,0.75,30.6,21.6,9.0,6,108,69,39,0,0.639,BUF,2018,true,Observed NFL head-coaching results since 2018 only
2024,Dave Canales,CAR,1,18,17,17,17,0,5,12,0,341,534,-193,1,18,17,false,false,0.294,20.06,31.41,-11.35,0,0,0,0,0,,,2024,false,Observed NFL head-coaching results since 2018 only
2024,Matt Eberflus,CHI,1,13,12,12,12,0,4,8,0,241,240,1,1,18,17,false,true,0.333,20.08,20.0,0.08,2,34,10,24,0,0.294,CHI,2022,false,Observed NFL head-coaching results since 2018 only
2024,Thomas Brown,CHI,14,18,5,5,5,0,1,4,0,69,130,-61,1,18,17,true,false,0.2,13.8,26.0,-12.2,0,0,0,0,0,,,2024,false,Observed NFL head-coaching results since 2018 only
2024,Zac Taylor,CIN,1,18,17,17,17,0,9,8,0,472,434,38,1,18,17,false,false,0.529,27.76,25.53,2.24,5,89,42,46,1,0.478,CIN,2019,false,Observed NFL head-coaching results since 2018 only
2024,Kevin Stefanski,CLE,1,18,17,17,17,0,3,14,0,258,435,-177,1,18,17,false,false,0.176,15.18,25.59,-10.41,4,70,38,32,0,0.543,CLE,2020,false,Observed NFL head-coaching results since 2018 only
2024,Mike McCarthy,DAL,1,18,17,17,17,0,7,10,0,350,468,-118,1,18,17,false,false,0.412,20.59,27.53,-6.94,5,83,47,35,1,0.572,"DAL, GB",2018,true,Observed NFL head-coaching results since 2018 only
2024,Sean Payton,DEN,1,19,18,18,17,1,10,8,0,432,342,90,1,19,18,false,false,0.556,24.0,19.0,5.0,5,87,57,30,0,0.655,"DEN, NO",2018,true,Observed NFL head-coaching results since 2018 only
2024,Dan Campbell,DET,1,20,18,18,17,1,15,3,0,595,387,208,1,20,18,false,false,0.833,33.06,21.5,11.56,3,54,26,27,1,0.491,DET,2021,false,Observed NFL head-coaching results since 2018 only
2024,Matt LaFleur,GB,1,19,18,18,17,1,11,7,0,470,360,110,1,19,18,false,false,0.611,26.11,20.0,6.11,5,90,59,31,0,0.656,GB,2019,false,Observed NFL head-coaching results since 2018 only
2024,DeMeco Ryans,HOU,1,20,19,19,17,2,11,8,0,418,407,11,1,20,19,false,false,0.579,22.0,21.42,0.58,1,19,11,8,0,0.579,HOU,2023,false,Observed NFL head-coaching results since 2018 only
2024,Shane Steichen,IND,1,18,17,17,17,0,8,9,0,377,427,-50,1,18,17,false,false,0.471,22.18,25.12,-2.94,1,17,9,8,0,0.529,IND,2023,false,Observed NFL head-coaching results since 2018 only
2024,Doug Pederson,JAX,1,18,17,17,17,0,4,13,0,320,435,-115,1,18,17,false,false,0.235,18.82,25.59,-6.76,5,87,42,44,1,0.489,"JAX, PHI",2018,true,Observed NFL head-coaching results since 2018 only
2024,Andy Reid,KC,1,22,20,20,17,3,17,3,0,462,409,53,1,22,20,false,false,0.85,23.1,20.45,2.65,6,117,90,27,0,0.769,KC,2018,true,Observed NFL head-coaching results since 2018 only
2024,Sean McVay,LA,1,20,19,19,17,2,11,8,0,416,423,-7,1,20,19,false,false,0.579,21.89,22.26,-0.37,6,109,66,43,0,0.606,LA,2018,true,Observed NFL head-coaching results since 2018 only
2024,Jim Harbaugh,LAC,1,19,18,18,17,1,11,7,0,414,333,81,1,19,18,false,false,0.611,23.0,18.5,4.5,0,0,0,0,0,,,2024,false,Observed NFL head-coaching results since 2018 only
2024,Antonio Pierce,LV,1,18,17,17,17,0,4,13,0,309,434,-125,1,18,17,false,false,0.235,18.18,25.53,-7.35,1,9,5,4,0,0.556,LV,2023,false,Observed NFL head-coaching results since 2018 only
2024,Mike McDaniel,MIA,1,18,17,17,17,0,8,9,0,345,364,-19,1,18,17,false,false,0.471,20.29,21.41,-1.12,2,36,20,16,0,0.556,MIA,2022,false,Observed NFL head-coaching results since 2018 only
2024,Kevin O'Connell,MIN,1,19,18,18,17,1,14,4,0,441,359,82,1,19,18,false,false,0.778,24.5,19.94,4.56,2,35,20,15,0,0.571,MIN,2022,false,Observed NFL head-coaching results since 2018 only
2024,Jerod Mayo,NE,1,18,17,17,17,0,4,13,0,289,417,-128,1,18,17,false,false,0.235,17.0,24.53,-7.53,0,0,0,0,0,,,2024,false,Observed NFL head-coaching results since 2018 only
2024,Dennis Allen,NO,1,9,9,9,9,0,2,7,0,207,229,-22,1,18,17,false,true,0.222,23.0,25.44,-2.44,2,34,16,18,0,0.471,NO,2022,false,Observed NFL head-coaching results since 2018 only
2024,Darren Rizzi,NO,10,18,8,8,8,0,3,5,0,131,169,-38,1,18,17,true,false,0.375,16.38,21.12,-4.75,0,0,0,0,0,,,2024,false,Observed NFL head-coaching results since 2018 only
2024,Brian Daboll,NYG,1,18,17,17,17,0,3,14,0,273,415,-142,1,18,17,false,false,0.176,16.06,24.41,-8.35,2,36,16,19,1,0.458,NYG,2022,false,Observed NFL head-coaching results since 2018 only
2024,Robert Saleh,NYJ,1,5,5,5,5,0,2,3,0,93,85,8,1,18,17,false,true,0.4,18.6,17.0,1.6,3,51,18,33,0,0.353,NYJ,2021,false,Observed NFL head-coaching results since 2018 only
2024,Jeff Ulbrich,NYJ,6,18,12,12,12,0,3,9,0,245,319,-74,1,18,17,true,false,0.25,20.42,26.58,-6.17,0,0,0,0,0,,,2024,false,Observed NFL head-coaching results since 2018 only
2024,Nick Sirianni,PHI,1,22,21,21,17,4,18,3,0,608,380,228,1,22,21,false,false,0.857,28.95,18.1,10.86,3,56,36,20,0,0.643,PHI,2021,false,Observed NFL head-coaching results since 2018 only
2024,Mike Tomlin,PIT,1,19,18,18,17,1,10,8,0,394,375,19,1,19,18,false,false,0.556,21.89,20.83,1.06,6,102,57,43,2,0.569,PIT,2018,true,Observed NFL head-coaching results since 2018 only
2024,Mike Macdonald,SEA,1,18,17,17,17,0,10,7,0,375,368,7,1,18,17,false,false,0.588,22.06,21.65,0.41,0,0,0,0,0,,,2024,false,Observed NFL head-coaching results since 2018 only
2024,Kyle Shanahan,SF,1,18,17,17,17,0,6,11,0,389,436,-47,1,18,17,false,false,0.353,22.88,25.65,-2.76,6,111,66,45,0,0.595,SF,2018,true,Observed NFL head-coaching results since 2018 only
2024,Todd Bowles,TB,1,19,18,18,17,1,10,8,0,522,408,114,1,19,18,false,false,0.556,29.0,22.67,6.33,3,53,22,31,0,0.415,"NYJ, TB",2018,true,Observed NFL head-coaching results since 2018 only
2024,Brian Callahan,TEN,1,18,17,17,17,0,3,14,0,311,460,-149,1,18,17,false,false,0.176,18.29,27.06,-8.76,0,0,0,0,0,,,2024,false,Observed NFL head-coaching results since 2018 only
2024,Dan Quinn,WAS,1,21,20,20,17,3,14,6,0,576,497,79,1,21,20,false,false,0.7,28.8,24.85,3.95,3,37,14,23,0,0.378,ATL,2018,true,Observed NFL head-coaching results since 2018 only
2025,Jonathan Gannon,ARI,1,18,17,17,17,0,3,14,0,355,488,-133,1,18,17,false,false,0.176,20.88,28.71,-7.82,2,34,12,22,0,0.353,ARI,2023,false,Observed NFL head-coaching results since 2018 only
2025,Raheem Morris,ATL,1,18,17,17,17,0,8,9,0,353,401,-48,1,18,17,false,false,0.471,20.76,23.59,-2.82,2,28,12,16,0,0.429,ATL,2020,false,Observed NFL head-coaching results since 2018 only
2025,John Harbaugh,BAL,1,18,17,17,17,0,8,9,0,424,398,26,1,18,17,false,false,0.471,24.94,23.41,1.53,7,125,81,44,0,0.648,BAL,2018,true,Observed NFL head-coaching results since 2018 only
2025,Sean McDermott,BUF,1,20,19,19,17,2,13,6,0,538,422,116,1,20,19,false,false,0.684,28.32,22.21,6.11,7,128,84,44,0,0.656,BUF,2018,true,Observed NFL head-coaching results since 2018 only
2025,Dave Canales,CAR,1,19,18,18,17,1,8,10,0,342,414,-72,1,19,18,false,false,0.444,19.0,23.0,-4.0,1,17,5,12,0,0.294,CAR,2024,false,Observed NFL head-coaching results since 2018 only
2025,Ben Johnson,CHI,1,20,19,19,17,2,12,7,0,489,462,27,1,20,19,false,false,0.632,25.74,24.32,1.42,0,0,0,0,0,,,2025,false,Observed NFL head-coaching results since 2018 only
2025,Zac Taylor,CIN,1,18,17,17,17,0,6,11,0,414,492,-78,1,18,17,false,false,0.353,24.35,28.94,-4.59,6,106,51,54,1,0.486,CIN,2019,false,Observed NFL head-coaching results since 2018 only
2025,Kevin Stefanski,CLE,1,18,17,17,17,0,5,12,0,279,379,-100,1,18,17,false,false,0.294,16.41,22.29,-5.88,5,87,41,46,0,0.471,CLE,2020,false,Observed NFL head-coaching results since 2018 only
2025,Brian Schottenheimer,DAL,1,18,17,17,17,0,7,9,1,471,511,-40,1,18,17,false,false,0.441,27.71,30.06,-2.35,0,0,0,0,0,,,2025,false,Observed NFL head-coaching results since 2018 only
2025,Sean Payton,DEN,1,21,19,19,17,2,15,4,0,441,351,90,1,21,19,false,false,0.789,23.21,18.47,4.74,6,105,67,38,0,0.638,"DEN, NO",2018,true,Observed NFL head-coaching results since 2018 only
2025,Dan Campbell,DET,1,18,17,17,17,0,9,8,0,481,413,68,1,18,17,false,false,0.529,28.29,24.29,4.0,4,72,41,30,1,0.576,DET,2021,false,Observed NFL head-coaching results since 2018 only
2025,Matt LaFleur,GB,1,19,18,18,17,1,9,8,1,418,391,27,1,19,18,false,false,0.528,23.22,21.72,1.5,6,108,70,38,0,0.648,GB,2019,false,Observed NFL head-coaching results since 2018 only
2025,DeMeco Ryans,HOU,1,20,19,19,17,2,13,6,0,450,329,121,1,20,19,false,false,0.684,23.68,17.32,6.37,2,38,22,16,0,0.579,HOU,2023,false,Observed NFL head-coaching results since 2018 only
2025,Shane Steichen,IND,1,18,17,17,17,0,8,9,0,466,412,54,1,18,17,false,false,0.471,27.41,24.24,3.18,2,34,17,17,0,0.5,IND,2023,false,Observed NFL head-coaching results since 2018 only
2025,Liam Coen,JAX,1,19,18,18,17,1,13,5,0,498,363,135,1,19,18,false,false,0.722,27.67,20.17,7.5,0,0,0,0,0,,,2025,false,Observed NFL head-coaching results since 2018 only
2025,Andy Reid,KC,1,18,17,17,17,0,6,11,0,362,328,34,1,18,17,false,false,0.353,21.29,19.29,2.0,7,137,107,30,0,0.781,KC,2018,true,Observed NFL head-coaching results since 2018 only
2025,Sean McVay,LA,1,21,20,20,17,3,14,6,0,599,425,174,1,21,20,false,false,0.7,29.95,21.25,8.7,7,128,77,51,0,0.602,LA,2018,true,Observed NFL head-coaching results since 2018 only
2025,Jim Harbaugh,LAC,1,19,18,18,17,1,11,7,0,371,356,15,1,19,18,false,false,0.611,20.61,19.78,0.83,1,18,11,7,0,0.611,LAC,2024,false,Observed NFL head-coaching results since 2018 only
2025,Pete Carroll,LV,1,18,17,17,17,0,3,14,0,241,432,-191,1,18,17,false,false,0.176,14.18,25.41,-11.24,6,104,59,45,0,0.567,SEA,2018,true,Observed NFL head-coaching results since 2018 only
2025,Mike McDaniel,MIA,1,18,17,17,17,0,7,10,0,347,424,-77,1,18,17,false,false,0.412,20.41,24.94,-4.53,3,53,28,25,0,0.528,MIA,2022,false,Observed NFL head-coaching results since 2018 only
2025,Kevin O'Connell,MIN,1,18,17,17,17,0,9,8,0,344,333,11,1,18,17,false,false,0.529,20.24,19.59,0.65,3,53,34,19,0,0.642,MIN,2022,false,Observed NFL head-coaching results since 2018 only
2025,Mike Vrabel,NE,1,22,21,21,17,4,17,4,0,557,375,182,1,22,21,false,false,0.81,26.52,17.86,8.67,6,104,56,48,0,0.538,TEN,2018,true,Observed NFL head-coaching results since 2018 only
2025,Kellen Moore,NO,1,18,17,17,17,0,6,11,0,306,383,-77,1,18,17,false,false,0.353,18.0,22.53,-4.53,0,0,0,0,0,,,2025,false,Observed NFL head-coaching results since 2018 only
2025,Brian Daboll,NYG,1,10,10,10,10,0,2,8,0,217,273,-56,1,18,17,false,true,0.2,21.7,27.3,-5.6,3,53,19,33,1,0.368,NYG,2022,false,Observed NFL head-coaching results since 2018 only
2025,Mike Kafka,NYG,11,18,7,7,7,0,2,5,0,164,166,-2,1,18,17,true,false,0.286,23.43,23.71,-0.29,0,0,0,0,0,,,2025,false,Observed NFL head-coaching results since 2018 only
2025,Aaron Glenn,NYJ,1,18,17,17,17,0,3,14,0,300,503,-203,1,18,17,false,false,0.176,17.65,29.59,-11.94,0,0,0,0,0,,,2025,false,Observed NFL head-coaching results since 2018 only
2025,Nick Sirianni,PHI,1,19,18,18,17,1,11,7,0,398,348,50,1,19,18,false,false,0.611,22.11,19.33,2.78,4,77,54,23,0,0.701,PHI,2021,false,Observed NFL head-coaching results since 2018 only
2025,Mike Tomlin,PIT,1,19,18,18,17,1,10,8,0,403,417,-14,1,19,18,false,false,0.556,22.39,23.17,-0.78,7,120,67,51,2,0.567,PIT,2018,true,Observed NFL head-coaching results since 2018 only
2025,Mike Macdonald,SEA,1,22,20,20,17,3,17,3,0,584,338,246,1,22,20,false,false,0.85,29.2,16.9,12.3,1,17,10,7,0,0.588,SEA,2024,false,Observed NFL head-coaching results since 2018 only
2025,Kyle Shanahan,SF,1,20,19,19,17,2,13,6,0,466,431,35,1,20,19,false,false,0.684,24.53,22.68,1.84,7,128,72,56,0,0.562,SF,2018,true,Observed NFL head-coaching results since 2018 only
2025,Todd Bowles,TB,1,18,17,17,17,0,8,9,0,380,411,-31,1,18,17,false,false,0.471,22.35,24.18,-1.82,4,71,32,39,0,0.451,"NYJ, TB",2018,true,Observed NFL head-coaching results since 2018 only
2025,Brian Callahan,TEN,1,6,6,6,6,0,1,5,0,83,161,-78,1,18,17,false,true,0.167,13.83,26.83,-13.0,1,17,3,14,0,0.176,TEN,2024,false,Observed NFL head-coaching results since 2018 only
2025,Mike McCoy,TEN,7,18,11,11,11,0,2,9,0,201,317,-116,1,18,17,true,false,0.182,18.27,28.82,-10.55,0,0,0,0,0,,,2025,false,Observed NFL head-coaching results since 2018 only
2025,Dan Quinn,WAS,1,18,17,17,17,0,5,12,0,356,451,-95,1,18,17,false,false,0.294,20.94,26.53,-5.59,4,57,28,29,0,0.491,"ATL, WAS",2018,true,Observed NFL head-coaching results since 2018 only
